Word,Definition,Example,Type
Abandon,放棄；遺棄,The project was abandoned due to lack of funding.,Vocabulary
Abundant,豐富的,Natural resources are abundant in this region.,Vocabulary
Accommodate,容納；提供住宿,The hotel can accommodate up to 500 guests.,Vocabulary
Acquire,獲得；學到,It takes time to acquire a new language.,Vocabulary
Adhere to,堅持；遵守,Staff must adhere to the safety regulations.,Phrase
Advantageous,有利的,The lower tax rate is advantageous to investors.,Vocabulary
Alleviate,減輕；緩和,The new drug helps alleviate symptoms of anxiety.,Vocabulary
Ambiguous,含糊不清的,The contract language is quite ambiguous.,Vocabulary
Analyze,分析,Researchers analyzed the data to find trends.,Vocabulary
Anticipate,預期；期待,We anticipate a large crowd at the event.,Vocabulary
Appropriate,適當的,It is appropriate to wear formal clothes to the interview.,Vocabulary
Aspect,方面；層面,We need to consider every aspect of the problem.,Vocabulary
Attribute to,歸因於,The success can be attributed to hard work.,Phrase
Beneficial,有益的,Regular exercise is beneficial to your health.,Vocabulary
Breakthrough,突破,Scientists made a major breakthrough in cancer research.,Vocabulary
Capable,有能力的,She is capable of handling multiple tasks.,Vocabulary
Chronological,按時間順序的,The events are listed in chronological order.,Vocabulary
Collaborate,合作,Researchers from different countries collaborated on the study.,Vocabulary
Compel,強迫,The law compels companies to pay fair wages.,Vocabulary
Compensate,補償,The firm compensated the injured worker.,Vocabulary
Comprehensive,全面的,We need a comprehensive plan for city development.,Vocabulary
Concentrate on,專注於,I need to concentrate on my IELTS preparation.,Phrase
Consequence,後果,The rising sea levels are a consequence of global warming.,Vocabulary
Considerable,相當大的,The project required a considerable amount of time.,Vocabulary
Contribute to,貢獻；導致,Smoking contributes to many health problems.,Phrase
Controversial,有爭議的,The new housing policy is highly controversial.,Vocabulary
Convey,傳達,It is difficult to convey my feelings in English.,Vocabulary
Cope with,應付；處理,How do you cope with exam stress?,Phrase
Critical,關鍵的；挑剔的,The first few minutes are critical in an emergency.,Vocabulary
Crucial,至關重要的,Reading is a crucial part of the IELTS test.,Vocabulary
Determine,決定；確定,The test results will determine your level.,Vocabulary
Detrimental,有害的,Pollution is detrimental to the environment.,Vocabulary
Distinguish,區分,It is hard to distinguish between the two colors.,Vocabulary
Efficient,有效率的,The new system is more efficient than the old one.,Vocabulary
Eliminate,消除,We need to eliminate poverty in this city.,Vocabulary
Emphasize,強調,The teacher emphasized the importance of grammar.,Vocabulary
Encounter,遇到,We encountered many difficulties during the trip.,Vocabulary
Enhance,提升；增強,The new software will enhance our productivity.,Vocabulary
Equivalent,相等的,The diploma is equivalent to a university degree.,Vocabulary
Essential,必要的,Hard work is essential for success.,Vocabulary
Establish,建立,The company was established in 1999.,Vocabulary
Exaggerate,誇張,Don't exaggerate the difficulty of the task.,Vocabulary
Exhibit,展示,The museum exhibits many ancient artifacts.,Vocabulary
Feasible,可行的,It is a feasible plan for the new project.,Vocabulary
Fluctuate,波動,The stock market fluctuates every day.,Vocabulary
Fundamental,基礎的,Education is a fundamental human right.,Vocabulary
Guarantee,保證,There is no guarantee that the plan will work.,Vocabulary
Hinder,阻礙,Heavy rain hindered our progress.,Vocabulary
Hypothesis,假設,The scientists are testing a new hypothesis.,Vocabulary
Implement,實施,The government decided to implement the new law.,Vocabulary